#,Keyword,Volume
1,pomodoro timer,102000
2,pomodoro technique timer,2300
3,pomodoro timer aesthetic,1000
4,aesthetic pomodoro timer,900
5,pomodoro method timer,800
6,pomodoro timer app,600
7,pomodoro timer online,500
8,best pomodoro timer,500
9,tomato timer pomodoro,350
10,timer pomodoro,350
11,what is a pomodoro timer,300
12,pomodoro timer chrome extension,200
13,25 minute timer - pomodoro,200
14,pomodoro tomato timer,200
15,cute pomodoro timer,200
16,online pomodoro timer,200
17,what is pomodoro timer,200
18,pomodoro timer extension,150
19,pomodoro study timer,150
20,pomodoro timer notion,150
21,physical pomodoro timer,100
22,pomodoro timer physical,100
23,minimalist pomodoro timer,100
24,pomodoro aesthetic timer,100
25,pomodoro timer chrome,100
26,pomodoro timer cute,100
27,pomodoro timer technique,100
28,asana pomodoro timer,100
29,free pomodoro timer,90
30,pomodoro timer mac,90
31,study timer pomodoro,90
32,flocus pomodoro timer,80
33,pomodoro timer windows,80
34,pomodoro timer notion widget,80
35,best pomodoro timer physical,80
36,pomodoro timer method,70
37,pod pomodoro timer,70
38,notion pomodoro timer widget,70
39,pomodoro timer website,60
40,pomodoro timer for notion,60
41,25 minute timer pomodoro,60
42,tomato pomodoro timer,60
43,pomodoro online timer,50
44,custom pomodoro timer,50
45,pomodoro timer meaning,50
46,pomodoro timer download,50
47,pomodoro timer widget notion,50
48,pomodoro timer tomato,50
49,pomodoro effect timer,50
50,mac pomodoro timer,50
51,how to add pomodoro timer to notion,40
52,notion pomodoro timer,40
53,pomodoro timer with music,40
54,pomodoro timer clock,40
55,pomodoro timer widget,40
56,windows pomodoro timer,40
57,pomodoro timer online aesthetic,40
58,desktop pomodoro timer,40
59,pomodoro kitty timer,40
60,pomodoro timer buy,40
61,best physical pomodoro timer,40
62,fun pomodoro timer,30
63,pomodoro cat timer,30
64,lofi pomodoro timer,30
65,pomodoro timer lofi,30
66,pomodoro focus timer,30
67,pomodoro timer apps,30
68,pomodoro timer what is it,30
69,pomodoro timer aesthetic online,30
70,pomodoro study method timer,30
71,silent pomodoro timer,30
72,pomodoro timer espa√±ol,30
73,best pomodoro timer app,30
74,pomodoro timer adhd,30
75,pomodoro timer cat,30
76,pomodoro clock timer,30
77,the pomodoro technique timer,30
78,whats a pomodoro timer,30
79,pomodoro timer free,30
80,pihen ticktime pomodoro timer productivity cube hexagon magnetic flip focus timer,30
81,pomodoro timer 25 minutes,30
82,pomodoro timer 1 hour,20
83,pomodoro desk timer,20
84,pomodoro timer definition,20
85,pomodoro timer desktop,20
86,customizable pomodoro timer,20
87,aesthetic pomodoro timer notion,20
88,how does pomodoro timer work,20
89,digital pomodoro timer,20
90,what is the pomodoro timer,20
91,pink pomodoro timer,20
92,pomodoro timer for mac,20
93,pomodoro timer kitty,20
94,simple pomodoro timer,20
95,the pomodoro timer,20
96,pomodoro timer.,20
97,adhd pomodoro timer,20
98,pomodoro timer app windows,20
99,pomodoro productivity timer,20
100,pomodoro timer for windows,20
101,how does a pomodoro timer work,20
102,pomodoro timer mac menu bar,20
103,pomodoro timer study with me,20
104,pomodoro timer with background,20
105,pomodoro visual timer,20
106,alexa pomodoro timer,20
107,tomato timer - online pomodoro timer app | toptal&reg;,20
108,pod timer pomodoro,20
109,pomodoro 25 minute timer,20
110,pomodoro physical timer,20
111,timer pomodoro aesthetic,20
112,anime pomodoro timer,20
113,pomodoro timer explained,20
114,pomodoro cute timer,20
115,what's a pomodoro timer,20
116,visual pomodoro timer,20
117,embed pomodoro timer in notion,20
118,pomodoro timer anime,20
119,pomodoro timer desk,10
120,flow - focus and pomodoro timer,10
121,pomodoro sand timer,10
122,online timer pomodoro,10
123,pomodoro timer near me,10
124,pomodoro timer app mac,10
125,pomodoro timer online free,10
126,microsoft pomodoro timer,10
127,pomodoro timer macos,10
128,pomodoro timer io,10
129,pomodoro timer minimal desk,10
130,pomodoro pod timer,10
131,advance pomodoro timer::appstore for android,10
132,pomodoro timer toggl,10
133,pomodoro timer extension chrome,10
134,pomodoro timer minimalist,10
135,set pomodoro timer,10
136,pomodoro timer full screen,10
137,notion widget pomodoro timer,10
138,iphone pomodoro timer,10
139,pomodoro work timer,10
140,small pomodoro timer,10
141,pomodoro music timer,10
142,1 hour pomodoro timer,10
143,pomodoro timer with task list,10
144,long pomodoro timer,10
145,how to use a pomodoro timer,10
146,best online pomodoro timer,10
147,pomodoro timer google,10
148,full screen pomodoro timer,10
149,study method pomodoro timer,10
150,pomodoro-timer,10
151,pomodoro timer with to do list,10
152,toggl pomodoro timer,10
153,pomodoro timer amazon,10
154,desk pomodoro timer,10
155,otto pomodoro timer,10
156,pomodoro timer aesthetic flip clock,10
157,pomodoro timer cafe,10
158,best pomodoro timer website,10
159,buy pomodoro timer,10
160,pomodoro timer pink,10
161,minimal desk setups pomodoro timer,10
162,pomodoro timer google chrome extension,10
163,pomodoro timer device,10
164,shared pomodoro timer,10
165,study pomodoro timer,10
166,pomodoro timer plugin,10
167,pomodoro timer flocus,10
168,pomodoro timer cube,10
169,mds pomodoro timer,10
170,metodo pomodoro timer,10
171,luxafor pomodoro timer,10
172,pomodoro timer web,10
173,pomodoro timer origin,10
174,pomodoro timer iphone,10
175,online pomodoro timer aesthetic,10
176,macos pomodoro timer,10
177,pomodoro timer google chrome,10
178,aesthetic pomodoro timer with to do list,10
179,pomodoro timer windows app,10
180,pomodoro timer for desktop,10
181,pomodoro timer 20 minutes,10
182,pomodoro timer what is,10
183,25 minute timer pomodoro aesthetic,10
184,aesthetic timer pomodoro,10
185,pomodoro study timer aesthetic,10
186,pomodoro lofi timer,10
187,pomodoro timer online - pomofocus,10
188,20 minute pomodoro timer,10
189,amazon pomodoro timer,10
190,pomodoro timer microsoft,10
191,pomodoro timer site,10
192,"haiphisi pomodoro timer productivity timer cube,3/5/15/30/45/60 minute preset smart countdown timer",10
193,forest pomodoro timer,10
194,pomodoro timer study,10
195,m√©todo pomodoro timer,10
196,pomodoro timer kpop,10
197,pomodoro timer with lofi music,10
198,kawaii pomodoro timer,10
199,focus timer pomodoro,10
200,chrome pomodoro timer extension,10
201,pomodoro timer javascript,10
202,pomodoro timer with alarm,10
203,25/5 pomodoro timer,10
204,free online pomodoro timer,10
205,aura pomodoro timer,10
206,asthetic pomodoro timer,10
207,25 minute pomodoro timer,10
208,pomodoro timer wiki,10
209,pomodoro timer for studying,10
210,kitty pomodoro timer,10
211,pomodoro anime timer,10
212,pomodoro timer youtube,10
213,how to set pomodoro timer,10
214,pretty pomodoro timer,10
215,cool pomodoro timer,10
216,pomodoro timer',10
217,pomodoro timer flip clock,10
218,pomodoro timer digital,10
219,pomodoro timer for adhd,10
220,timer for pomodoro,10
221,pomodoro timer for chrome,10
222,pomodoro timer best,10
223,free pomodoro timer app,10
224,timer 25 minutes pomodoro,10
225,chrome extension pomodoro timer,10
226,cat pomodoro timer,10
227,best pomodoro timer apps,10
228,pomodoro custom timer,10
229,pomodoro timer icon,10
230,pomodoro technique timer app,10
231,pomodoro timer android,10
232,pomodoro timer pod,10
233,original pomodoro timer,10
234,pomodoro timer desktop app,10
235,pomodoro desktop timer,10
236,pomodoro timer aesthetic with music,10
237,google pomodoro timer,10
238,javascript pomodoro timer,10
239,work timer pomodoro,10
240,pomodoro kitchen timer,10
241,pomodoro technique timer online,10
242,pomodoro countdown timer,10
243,nesto pomodoro timer,10
244,open source pomodoro timer,10
245,pomodoro timer 50 minutes,10
246,pomodoro timer linux,10
247,pomodoro timer in notion,10
248,pomodoro timer visual,10
249,pomodoro timer how does it work,10
250,pomodoro timer widget for notion,10
251,pomodoro technique tomato timer,10
252,pomodoro timer nesto,10
253,pomodoro timer pc,10
254,pomodoro cafe timer,10
255,mini pomodoro timer,10
256,how to add a pomodoro timer to notion,10
257,study with me pomodoro timer,10
258,pomodoro timer app free,10
259,pomodoro timer embed notion,10
260,pomodoro timer benefits,10
261,best pomodoro timer mac,10
262,pomodoro technique timer aesthetic,10
263,pomodoro timer 30 minutes,10
264,cafe pomodoro timer,10
265,pomodoro timer todoist,10
266,best timer for pomodoro technique,10
267,pomodoro timer with sound,10
268,pomodoro timer intervals,10
269,todoist pomodoro timer,10
270,pomodoro timer ios,10
271,best pomodoro timer for mac,10
272,30 minute pomodoro timer,10
273,pomodoro timer apple watch,10
274,pomodoro timer 25/5,10
275,pomodoro timer 15 minutes,10
276,pomodoro timer silent,10
277,pomodoro timer png,10
278,pomodoro timer embed,10
279,pomodoro timer alexa,10
280,pomodoro timer game,10
281,pomodoro timer windows 11,10
282,pomodoro timer lifeat,10
283,ticktime pomodoro timer,10
284,cute pomodoro timer app,10
285,pomodoro timer websites,10
286,how to use pomodoro timer,10
287,pomodoro timer google extension,10
288,pomodoro timer asana,10
289,pomodoro timer mac app,10
290,download pomodoro timer,10
291,pomodoro timer tracker,10
292,"pomodoro timer,",10
293,chrome pomodoro timer,10
294,timer for pomodoro technique,10
295,pomodoro timer background,10
296,how to make a pomodoro timer in javascript,10
297,apple watch pomodoro timer,10
298,pomodoro timer react,10
299,pomodoro timer website aesthetic,10
300,aesthetic pomodoro timer notion widget,10
301,pomodoro timer music,10
302,pomodoro timer custom,10
303,does notion have pomodoro timer,
304,big pomodoro timer,
305,kickstarter pomodoro timer,
306,focus todo pomodoro timer,
307,pomodoro timer kde,
308,minimalist pomodoro timer - goodtime productivity,
309,pomodoro best timer,
310,react native pomodoro timer,
311,pomodoro timer dual timer,
312,interval timer pomodoro,
313,pomodoro timer download pc,
314,best pomodoro timer chrome,
315,how to make pomodoro timer,
316,pomodoro timer slack,
317,momentum pomodoro timer,
318,flow - focus and pomodoro timer windows,
319,flocus.io ‚Äì minimalist pomodoro timer,
320,pomodoro timer laptop,
321,pomodoro timer browser,
322,pomodoro timer review,
323,simple pomodoro timer app,
324,focus journal advanced pomodoro timer,
325,pomodoro timer 50/10,
326,pomodoro timer raspberry pi,
327,t√©cnica pomodoro timer,
328,30 minute timer pomodoro,
329,black pomodoro timer,
330,pomodoro studying timer,
331,pomodoro timer desktop windows,
332,ubuntu pomodoro timer,
333,pomodoro aesthetic study timer,
334,3 hour pomodoro timer,
335,ticktime pomodoro timer digital cube timer hexagon visual magnetic flip focus timer,
336,pomodoro timer flip,
337,pomodoro timer cats,
338,powerpom - pomodoro timer,
339,mac os pomodoro timer,
340,timer tecnica del pomodoro,
341,pomodoro 30 minute timer,
342,20 minute timer pomodoro,
343,pomodoro timer block websites,
344,what's pomodoro timer,
345,pomodoro timer aestetic,
346,pomodoro timer 5 minutes,
347,pomodoro mac timer,
348,pomodoro timer times,
349,minimalist pomodoro timer mod apk,
350,pomodoro timer youtube lofi,
351,physical:oq_tqobibws= pomodoro timer,
352,pomodoro timer tree,
353,react pomodoro timer,
354,pomodoro timer shop,
355,where to find a good timer for pomodoro technique,
356,lofi aesthetic pomodoro timer,
357,free pomodoro timer windows 10,
358,pomodoro timer reddit,
359,pomodoro timer js,
360,pomodoro timer seconds,
361,pomodoro timer free online,
362,session pomodoro timer,
363,pomodoro timer study method,
364,pomodoro timer browser extension,
365,pomodoro timer aesthetic lofi,
366,pomodoro timer –∫—É–ø–∏—Ç—å,
367,pomodoro timer 45 15,
368,free pomodoro timer for windows,
369,pomodoro timer extension firefox,
370,smart pomodoro timer,
371,tide pomodoro timer,
372,pomodoro timer for laptop,
373,pomodoro timer price,
374,pomodoro timer minimal,
375,app pomodoro timer,
376,pomodoro timer wonderspace,
377,life at pomodoro timer,
378,timer tecnica pomodoro,
379,25 min pomodoro timer,
380,pod pomodoro timer buy,
381,pomodoro timer download windows free,
382,pomodoro timer tomighty,
383,pomodoro marinara timer,
384,pomodoro timer pro,
385,timer pomodoro en ligne,
386,pomodoro timer with spotify,
387,osx pomodoro timer,
388,pomodoro timer video,
389,pomodoro timer pop up,
390,pomodoro timer 10 minutes,
391,pomodoro timer for iphone,
392,minimalist pomodoro timer pro apk,
393,t cnica pomodoro timer,
394,free pomodoro timer windows,
395,pomodoro timer mi band 6,
396,pomodoro timer - buy,
397,pomodoro timer l√† g√¨,
398,pomodoro timer add on,
399,pomodoro timer for pc,
400,pomodoro timer 30 10,
401,pomodoro timer for stream,
402,dretec pomodoro timer,
403,online pomodoro timer with ticking,
404,pomodoro timer android wear,
405,pomodoro timer for 1 hour,
406,pomodoro timer gif,
407,what does pomodoro timer mean,
408,pomodoro timer fun,
409,pomodoro timer image,
410,10 minute pomodoro timer,
411,technique pomodoro timer,
412,pomodoro timer aura,
413,pomodoro timer obs,
414,studywithme.io ‚Äì aesthetic pomodoro timer,
415,pomodoro timer —Å–∫–∞—á–∞—Ç—å,
416,pomodoro timer uses,
417,flow pomodoro timer,
418,pomodoro timer harry potter,
419,pomodoro timer tiktok,
420,pomodoro timer download free,
421,how to set pomodoro timer on iphone,
422,reddit best pomodoro timer,
423,pomodoro timer session,
424,download pomodoro timer for pc,
425,pomodoro timer japanese,
426,pomodoro timer linux terminal,
427,japanese pomodoro timer,
428,pomodoro timer bot discord,
429,pomodoro timer length,
430,metodo del pomodoro timer,
431,python pomodoro timer,
432,marinara timer pomodoro,
433,timer pomodoro amazon,
434,kitchen timer pomodoro,
435,pomodoro timer pro apk free download,
436,how to add pomodoro timer to video,
437,pomodoro technique study timer,
438,pomodoro timer 50,
439,pomodoro dog timer,
440,pomodoro timer twitch,
441,pomodoro timer windows 10,
442,pomodoro timer chrom,
443,pomodoro timer 25 minutes with lofi music,
444,pomodoro timer clock for study,
445,pomodoro 50/10 timer,
446,clockify pomodoro timer,
447,otto - pomodoro timer and website blocker,
448,timer study pomodoro,
449,pomodoro timer with rain sounds,
450,be focused pomodoro timer,
451,pomodoro timer que es,
452,ÃÅpomodoro timer,
453,timer pomodoro windows,
454,pomodoro timer pro apk,
455,pomodoro timer app ios,
456,countdown timer pomodoro,
457,pomodoro timer widget windows,
458,2 hour pomodoro timer,
459,pomodoro timer free download,
460,pomodoro timer program,
461,pomodoro timer app for mac,
462,pomodoro timer alarm,
463,macbook pomodoro timer,
464,pomodoro timer html code,
465,que es pomodoro timer,
466,marinara pomodoro timer,
467,walmart pomodoro timer,
468,timer online pomodoro,
469,pomodoro timer on mac,
470,pomodoro technique timer youtube,
471,pomodoro timer alternative,
472,mi band 7 pomodoro timer,
473,pomodoro aura timer,
474,pomodoro timer notion template,
475,physical:xmhmor8yva0= pomodoro timer,
476,where can i buy a pomodoro timer,
477,pomodoro timer obsidian,
478,diy pomodoro timer,
479,pomodoro timer logo,
480,floating pomodoro timer,
481,pomodoro timer black background,
482,pomodoro timer freecodecamp,
483,pomodoro timer windows taskbar,
484,pomodoro timer galaxy watch,
485,pomodoro hourglass timer set,
486,pomodoro timer for linux,
487,pomodoro timer buy online,
488,minimal desk setup pomodoro timer,
489,pomodoro timer],
490,pomodoro 50 minute timer,
491,toggle pomodoro timer,
492,pomodoro timer kaufen,
493,pomodoro website timer,
494,pomodoro timer bot,
495,minee pomodoro timer,
496,flow focus and pomodoro timer,
497,pomodoro timer flip clock online,
498,be focused - pomodoro timer,
499,goodtime minimalist pomodoro timer,
500,arduino pomodoro timer,
501,pomodoro timer discord,
502,pomodoro timer google calendar,
503,pomodoro timer aesthetic website,
504,aestetic pomodoro timer,
505,studio ghibli pomodoro timer,
506,the pomodoro method timer,
507,pomodoro timer no sound,
508,minimalist pomodoro timer - go,
509,cube pomodoro timer,
510,pomodoro timer gadget,
511,pomodoro 25/5 timer,
512,pomodoro timer watch,
513,pomodoro timer app store,
514,pomodoro egg timer,
515,pomodoro timer online stopwatch,
516,pomodoro timer 30,
517,pomodoro timer windows free,
518,aesthetic pomodoro timer study with me,
519,rainmeter pomodoro timer,
520,25-minute timer pomodoro,
521,timer pomodoro online,
522,pomodoro timer lite,
523,is pomodoro timer effective,
524,software pomodoro timer,
525,pomodoro timer for obs,
526,pomodoro timer download for pc,
527,pc pomodoro timer,
528,pomodoro timer black,
529,pomodoro timer download mac,
530,25 minutes pomodoro timer,
531,pomodoro timer & to do list,
532,can alexa do pomodoro timer,
533,bts pomodoro timer,
534,obsidian pomodoro timer,
535,flocus minimalist pomodoro timer,
536,pomodoro timer 45/15,
537,focus to do pomodoro timer,
538,christmas pomodoro timer,
539,best windows pomodoro timer,
540,pomodoro timer safari,
541,whats pomodoro timer,
542,pomodoro tomato timer online,
543,pomodoro timer in python,
544,pomodoro technik timer,
545,pomodoro ticking timer,
546,discord pomodoro timer,
547,pomodoro timer 20/5,
548,pomodoro timer lock screen,
549,how to code a pomodoro timer,
550,pomodoro timer:9to8khn7moa= timer,
551,focus to-do pomodoro timer & to do list,
552,timer del pomodoro,
553,45 minute pomodoro timer,
554,android pomodoro timer,
555,pomodoro timer for macbook,
556,pomodoro timer break,
557,pomodoro session timer,
558,pomodoro timer 60 minutes,
559,pomodoro technique timer chrome,
560,otto ‚Äì pomodoro timer and website blocker,
561,obs pomodoro timer,
562,pomodoro flip timer,
563,pomodoro study technique timer,
564,aesthetic pomodoro timer app,
565,what timer is best for pomodoro technique,
566,pomodoro technique timer 50 minutes,
567,pomodoro timer momentum,
568,pomodoro timer online buy,
569,ipad pomodoro timer,
570,focus to do pomodoro timer and to do list,
571,pomodoro timer and tracker,
572,session - pomodoro focus timer,
573,hello kitty pomodoro timer,
574,pomodoro timer light,
575,pomodoro timer 50 10,
576,customisable pomodoro timer,
577,pomodoro timer windows download,
578,free pomodoro timer windows 7,
579,pomodoro timer australia,
580,pomodoro timer software windows,
581,pomodoro timer aesthetic cute,
582,reverse pomodoro timer,
583,pomodoro timer sessions,
584,pomodoro timer „Å®„ÅØ,
585,pomodoro timer for kids,
586,flocus minimalist pomodoro timer notion widget,
587,pomodoro timer mac free,
588,pomodoro timer for study,
589,on screen pomodoro timer,
590,tecnica del pomodoro timer,
591,pomodoro timer xiaomi,
592,kpop pomodoro timer,
593,pomodoro timer windows 7,
594,pomodoro timer cute aesthetic,
595,open source pomodoro timer android,
596,timer clock pomodoro,
597,pomodoro technique timer chrome extension,
598,pomodoro timer 5 hours,
599,embed pomodoro timer,
600,code a pomodoro timer,
601,github pomodoro timer,
602,pomodoro music timer youtube,
603,pomodoro black timer,
604,pomodoro timer\,
605,best pomodoro timer for windows,
606,pomodoro timer black and white,
607,pomodoro 45 15 timer,
608,best free pomodoro timer,
609,marinara pomodoro timer chrome,
610,pomodoro timer research,
611,best pomodoro timer apple watch,
612,pomodor for a simple web-based pomodoro timer.,
613,pomodoro timer product,
614,cute pomodoro timer online,
615,pomodoro timer analog,
616,pomodoro timer 45 min,
617,pomodoro smart timer,
618,pomodoro focus timer online,
619,study timer not pomodoro,
620,windows 10 pomodoro timer,
621,pomodoro timer dog,
622,pomodoro timer india,
623,pomodoro timer aesthetic notion,
624,pomodoro timer apple,
625,buy pomodoro timer online,
626,pomodoro timer christmas,
627,pomodoro web timer,
628,pomodoro timer for windows 11,
629,pomodoro timer kopen,
630,pomodoro timer extension edge,
631,pomodoro timer mod apk,
632,where to find a good physical timer for pomodoro technique yahoo,
633,pomodoro timer‰∏≠Êñá,
634,pomodoro timer exe,
635,free pomodoro timer mac,
636,status bar pomodoro timer,
637,clock:nlfgq9a5kxy= pomodoro timer,
638,pomodoro timer widget mac,
639,pomodoro timer lofi music,
640,physical:ypuy3epiqk8= pomodoro timer,
641,50/10 pomodoro timer,
642,pomodoro timer wikipedia,
643,pomodoro timer 4 hours,
644,productivity pomodoro timer,
645,pomodoro timer for desk,
646,pomodoro technique timer with music,
647,timer pomodoro app,
648,pomodoro technique online timer,
649,pomodoro timer flipkart,
650,pomodoro timer & to do list - superelement soft,
651,pomodoro timer with rain,
652,pomodoro timer for sale,
653,focus to-do: pomodoro timer,
654,pomodoro timer edge extension,
655,anki pomodoro timer,
656,pomodoro timer pc reddit,
657,50 minute timer pomodoro,
658,pomodoro timer app for laptop,
659,automatic pomodoro timer,
660,pomodoro 50 10 timer,
661,pomodoro timer online 50 minutes,
662,linux pomodoro timer,
663,free desktop pomodoro timer,
664,pomodoro timer pro apk 2.3.0,
665,pomodoro timer for apple watch,
666,egg timer pomodoro,
667,pomodoro timer with lofi,
668,25 min timer pomodoro,
669,how to get pomodoro timer on notion,
670,pomodoro tomato timer amazon,
671,pomodoro timer software,
672,download pomodoro timer windows,
673,tecnica del pomodoro timer online,
674,windows pomodoro timer app,
675,pomodoro timer aesthetic anime,
676,pomodoro timer with rewards,
677,pomodoro timer download windows,
678,pomodoro timer portable,
679,web based pomodoro timer,
680,flip pomodoro timer,
681,pomodoro timer linux mint,
682,pomodoro timer calculator,
683,analog pomodoro timer,
684,pomodoro timer shortcut,
685,aesthetic pomodoro timer with music,
686,offline pomodoro timer,
687,pomodoro timer 3 hours,
688,pomodoro timer online aesthetic with music,
689,pomodoro timer aesthetic download,
690,pomodoro timer instagram,
691,pomodoro timer osx,
692,pomodoro timer and music,
693,pomodoro timer notion embed,
694,timer 25 minuti pomodoro,
695,clickup pomodoro timer,
696,pomodoro timer descargar,
697,pomodoro timer aesthetic background,
698,pomodoro timer trello,
699,pomodoro timer on screen,
700,reddit pomodoro timer,
701,pomodoro timer pomodoro technique,
702,pomodoro timer pro mod apk,
703,pomodoro study timer app,
704,pomodoro 10 minute timer,
705,powerpom - pomodoro timer download,
706,focus pomodoro timer,
707,tomato timer pomodoro online,
708,aesthetic pomodoro timer | study with me,
709,pomodoro timer customizable,
710,pomodoro timer macbook,
711,pomodoro timer focus,
712,pomodoro timer html,
713,pomodoro tecnica timer,
714,pomodoro timer dark academia,
715,physical:sh2jzyrjdr4= pomodoro timer,
716,pomodoro technique timer buy online,
717,cozy pomodoro timer,
718,pomodoro 50 min timer,
719,pomodoro timer app for pc,
720,pomodoro timer firefox extension,
721,pomodoro timer automatic,
722,m√©thode pomodoro timer,
723,adjustable pomodoro timer,
724,apple shortcuts pomodoro timer,
725,best pomodoro timer for pc,
726,pomodoro timer 30 min,
727,jhhayashi-pomodoro-timer,
728,lofi pomodoro timer website,
729,pomodoro timer marinara,
730,pomodoro timer shopee,
731,pomodoro timer etsy,
732,physical:kt7ns_bh-ec= pomodoro timer,
733,ticktick pomodoro timer,
734,best pomodoro timer online,
735,pomodoro timer kickstarter,
736,pomodoro timer streamlabs,
737,pomodoro timer discord bot,
738,pomodoro timer appfx,
739,install pomodoro timer,
740,minimalist pomodoro timer for windows,
741,pomodoro timer google home,
742,chrome extensions pomodoro timer,
743,a pomodoro timer,
744,gnome pomodoro timer,
745,best pomodoro timer ios,
746,pomodoro 1 hour timer,
747,ticktime pro pomodoro timer,
748,pomodoro timer project,
749,pomodoro timer for trello,
750,download pomodoro timer mac,
751,pomodoro timer flow,
752,download free pomodoro timer,
753,pomodoro timer with ticking sound,
754,pomodoro timer windows reddit,
755,pomodoro timer app for windows,
756,pomodoro. timer,
757,focus to-do: pomodoro timer & to do list,
758,timer pomodoro cat,
759,study timer online aesthetic not pomodoro,
760,beautiful pomodoro timer,
761,activity timer - pomodoro edition,
762,how to make a pomodoro timer,
763,pomodoro digital timer,
764,one hour pomodoro timer,
765,digital:o-jk4sftpy8= pomodoro timer,
766,pomodoro timer 35 minutes,
767,25 pomodoro timer,
768,45 minute timer pomodoro,
769,spotify pomodoro timer,
770,pomodoro timer app chrome,
771,pomodoro technique timer amazon,
772,pomodoro timer mds,
773,focus plant pomodoro timer,
774,pomodoro timer customization,
775,pomodoro timer 25,
776,pomodoro timer cute online,
777,study with me aesthetic pomodoro timer,
778,session pomodoro focus timer,
779,pomodoro timer iphone shortcut,
780,pomodoro timer chrome extension free,
781,windows 11 pomodoro timer,
782,download pomodoro timer for windows,
783,pomodoro timer windows open source,
784,timer pomodoro chrome,
785,pomodoro timer ubuntu,
786,toggl track pomodoro timer,
787,pomodoro timer set,
788,terminal pomodoro timer,
789,pomodoro timer 25 5,
790,good pomodoro timer,
791,pomodoro timer with statistics,
792,best pomodoro timer reddit,
793,pomodoro method timer app,
794,pihen ticktime pomodoro timer,
795,pomodoro timer no music,
796,pomodoro timer java,
797,pomodoro timer windows —Å–∫–∞—á–∞—Ç—å,
798,pomodoro timer codepen,
799,timer pomodoro technique,
800,pihen ticktime pomodoro timer digital cube timer hexagon visual magnetic flip focus timer,
801,pomodoro timer google add on,
802,scheduler: pomodoro timer,
803,pomodoro timer 45 minutes,
804,pomodoro technique timer windows,
805,pomodoro timer firefox,
806,slack pomodoro timer,
807,best pomodoro timer windows,
808,best timer for pomodoro,
809,youtube pomodoro timer,
810,pomodoro timer shopping,
811,pomodoro timer with tasks,
812,https://studywithme.io/aesthetic-pomodoro-timer/,
813,pomodoro timer aesthetic black,
814,pomodoro timer with ticking,
815,pomodoro timer plant,
816,pomodoro timer mac download,
817,pomodoro timer python,
818,clock:ezcuhdctfug= pomodoro timer,
819,best pomodoro timer android,
820,90 minute pomodoro timer,
821,simple pomodoro timer windows,
822,timer:5r-l90fl3da= pomodoro technique,
823,mac pomodoro timer app,
824,pomodoro timer for windows 10,
825,pomodoro cube timer,
826,pomodoro technique for studying timer,
827,apple pomodoro timer,
828,downloadable pomodoro timer,
829,live pomodoro timer,
830,clock pomodoro timer,
831,pomodoro timer clock pro apk,
832,time timer pomodoro,
833,flip clock pomodoro timer,
834,metodo pomodoro timer online,
835,pomodoro timer:,
836,pomodoro timer pc download,
837,pomodoro timer extension for chrome,
838,pomodoro timer chrome plugin,
839,pomodoro timer web app,
840,minimalist pomodoro timer online,
841,pomodoro timer with friends,
842,pomodoro timer to buy,
843,the best pomodoro timer,
844,cute pomodoro timer website,
845,where to buy pomodoro timer,
846,pomodoro timer online with music,
847,pomodoro timer open source,
848,pomodoro timer design,
849,pomodoro timer en ligne,
850,pomodoro timer ap,
851,pomodoro timer 40 minutes,
852,pomodoro timer application,
853,how to make a pomodoro timer in python,
854,pomodoro kitchen timer amazon,
855,pomodoro timer app iphone,
856,wonderful timer | 4-hour study with me üìö|pomodoro technique 10 x 20 min,
857,pomodoro timer offline,
858,timer aesthetic pomodoro,
859,pomodoro timer study room,
860,pomodoro methode timer,
861,pomodoro timer for pc free download,
862,pomodoro timer free download windows 10,
863,pomodoro timer forest,
864,pomodoro timer aesthetic app,
865,pomodoro analog timer,
866,pomodoro timer with custom background,
867,pomodoro interval timer,
868,pomodoro timer for windows 7,
869,ios pomodoro timer,
870,pomodoro timer rules,
871,keyboard with pomodoro timer,
872,pomodoro silent timer,
873,50 minute pomodoro timer,
874,pomodoro timer focus to do,
875,create your own pomodoro timer,
876,pomodoro timer shortcut ios,
877,physical:e5t9dafum1i= pomodoro timer,
878,telecharger pomodoro timer,
879,pomodoro technique:smzzxyq0s90= tomato timer,
880,pomodoro full screen timer,
881,build a pomodoro timer,
882,pomodoro timer youtube with music,
883,flow - focus & pomodoro timer,
884,twitch pomodoro timer,
885,download pomodoro timer pc,
886,add pomodoro timer to notion,
887,focused work - pomodoro timer,
888,pomodoro cycle timer,
889,pomodoro timer microsoft teams,
890,pomodoro timer pro apk download,
891,pomodoro timer 8 hours,
892,pomodoro timer overlay,
893,physical pomodoro timer reddit,
894,pomodoro timer rory gilmore,
895,pomodoro timer and to do list,
896,50 10 pomodoro timer,
897,pomodoro timer mac os,
898,pomodoro challenge timer,
899,download pomodoro timer free,
900,pomodoro - focus timer,
901,pomodoro timer productivity,
902,study time pomodoro timer,
903,pomodoro timer 50 min,
904,google home pomodoro timer,
905,pomodoro timer zoom,
906,pomodoro timer aesthetic extension,
907,pomodoro chrome timer,
908,what is a pomodoro timer?,
909,pomodoro timer custom background,
910,pomodoro timer sound,
911,dark academia pomodoro timer,
912,firefox pomodoro timer,
913,visual timer pomodoro,
914,ticktime cube pomodoro timer,
915,minimal pomodoro timer,
916,pomodoro timer online cute,
917,pomodoro timer app windows free,
918,pomodoro timer quiet,
919,pomodoro timer kawaii,
920,pomodoro timer install,
921,pomodoro timer api,
922,pomodoro timer ticking,
923,does todoist have a pomodoro timer,
924,50 min pomodoro timer,
925,pomodoro timer with white noise,
926,pomodoro app timer,
927,pomodoro timer asthetic,
928,tecnica pomodoro timer,
929,quiet pomodoro timer,
930,timer app pomodoro,
931,what is pomodoro timer technique,
932,aesthetic pomodoro timer website,
933,timer 25 min pomodoro,
934,tomato timer pomodoro chrome extension,
935,pomodoro timer rain,
936,pomodoro timer app download,
937,app:2pco5ifjgw0= pomodoro timer,
938,stream deck pomodoro timer,
939,pomodoro timer dark mode,
940,official pomodoro technique timer,
941,pomodoro timer computer,
942,pomodoro timer 45,
943,pomodoro timer one hour,
944,web pomodoro timer,
945,4 hour pomodoro timer,
946,mechanical pomodoro timer,
947,aesthetic pomodoro timer online,
948,pomodoro timer pro chrome extension,
949,pomodoro timer edge,
950,trello pomodoro timer,
951,group pomodoro timer,
952,pomodoro timer pretty,
953,15 minute pomodoro timer,
954,pomodoro timer hardware,
955,pomodoro timer pro 2.3 0 apk download,
956,aesthetic pomodoro timer websites,
957,pomodoro 25 min timer,
958,physical timer pomodoro,
959,pomodoro timer anki,
960,pomodoro timer with background music,
961,pomodoro timer 90 minutes,
962,pomodoro timer coffee shop,
963,pomodoro timer live,
964,pomodoro timer app windows 10,
965,focus to do pomodoro timer chrome extension,
966,pomodoro timer for ubuntu,
967,online pomodoro timer with music,
968,pomodoro timer gnome,
969,pomodoro timer 50 x 10,
970,pomodoro timer aesthetic full screen,
971,kono pomodoro timer,
972,pomodoro-technik timer,
973,best pomodoro timer app android,
974,pomodoro timer code,
975,pomodoro timer ipad,
976,timer metodo pomodoro,
977,cube timer pomodoro,
978,pomodoro timer work,
979,pomodoro timer 25 min,
980,pomodoro timer aesthetic black and white,
981,pomodoro timer with music online,
982,pomodoro timer free app,
983,computer pomodoro timer,
984,online pomodoro timer mac,
985,ticking pomodoro timer,
986,pomodoro timer ui,
987,pomodoro timer extension google,
988,pomodoro timer big screen,
989,pomodoro timer 2 hours,
990,pomodoro timer online full screen,
991,pomodoro timer github,
992,pomodoro timer apk,
993,pomodoro timer for work,
994,pomodoro timer for windows taskbar,
995,pomodoro focus timer app,
996,pomodoro timer app pc,
997,pomodoro timer 1 hour 30 minutes,
998,timer pomodoro method,
999,raspberry pi pomodoro timer,
1000,recommended pomodoro timer,
1001,korean pomodoro timer,
1002,pomodoro timer on notion,
1003,pomodoro timer app android,
1004,pomodoro timer ghibli,
1005,fall pomodoro timer,
1006,1 hour timer pomodoro,
1007,pomodoro dual timer,
1008,pomodoro timer for android,
1009,best desktop pomodoro timer,
1010,ÿ™ÿ≠ŸÖŸäŸÑ ÿ®ÿ±ŸÜÿßŸÖÿ¨ pomodoro timer pro ŸÖÿ¨ÿßŸÜÿß,
1011,browser pomodoro timer,
1012,pomodoro timer spotify,
1013,pomodoro timer 40,
1014,pomodoro timer simple,
1015,pomodoro timer amazfit,
1016,pomodoro timer arduino,